timestamp,bid,ask,volume
2026-05-01 10:00:01.389606901,156.99018,157.01018,65
2026-05-01 10:00:01.518475153,156.98884,157.00884,57
2026-05-01 10:00:01.656635137,156.98922,157.00922,93
2026-05-01 10:00:02.085639159,156.98983,157.00983,99
2026-05-01 10:00:02.759115484,156.99039,157.01039,40
2026-05-01 10:00:03.251295444,156.99147,157.01147,14
2026-05-01 10:00:03.298748597,156.99231,157.01231,35
2026-05-01 10:00:03.406093430,156.99277,157.01277,48
2026-05-01 10:00:03.646342406,156.9927,157.0127,84
2026-05-01 10:00:03.900577053,156.99104,157.01104,56
2026-05-01 10:00:03.928336976,156.99147,157.01147,49
2026-05-01 10:00:04.318046588,156.99167,157.01167,13
2026-05-01 10:00:04.363399700,156.99194,157.01194,61
2026-05-01 10:00:04.636984958,156.99067,157.01067,49
2026-05-01 10:00:04.976348678,156.98959,157.00959,46
2026-05-01 10:00:05.433055146,156.99064,157.01064,62
2026-05-01 10:00:05.466547695,156.9906,157.0106,8
2026-05-01 10:00:05.517202964,156.99128,157.01128,43
2026-05-01 10:00:05.913161326,156.99131,157.01131,20
2026-05-01 10:00:06.021359333,156.99134,157.01134,97
2026-05-01 10:00:06.175348288,156.99228,157.01228,90
2026-05-01 10:00:06.740792496,156.99176,157.01176,39
2026-05-01 10:00:06.981580720,156.99186,157.01186,85
2026-05-01 10:00:07.294789929,156.9914,157.0114,49
2026-05-01 10:00:07.605223024,156.99096,157.01096,64
2026-05-01 10:00:07.615906698,156.99065,157.01065,62
2026-05-01 10:00:07.625738023,156.99087,157.01087,54
2026-05-01 10:00:07.910092349,156.9904,157.0104,9
2026-05-01 10:00:07.953393162,156.99165,157.01165,88
2026-05-01 10:00:07.959661162,156.99076,157.01076,37
2026-05-01 10:00:08.128797751,156.99057,157.01057,49
2026-05-01 10:00:08.634802894,156.99013,157.01013,41
2026-05-01 10:00:09.150074981,156.99158,157.01158,17
2026-05-01 10:00:09.354940518,156.99177,157.01177,88
2026-05-01 10:00:09.428755706,156.99281,157.01281,21
2026-05-01 10:00:10.059730420,156.99132,157.01132,51
2026-05-01 10:00:10.316556334,156.99159,157.01159,59
2026-05-01 10:00:10.782682139,156.99248,157.01248,39
2026-05-01 10:00:10.964900354,156.99256,157.01256,55
2026-05-01 10:00:11.004960867,156.99362,157.01362,41
2026-05-01 10:00:11.066084206,156.99311,157.01311,39
2026-05-01 10:00:11.204456624,156.99452,157.01452,13
2026-05-01 10:00:11.793641952,156.99682,157.01682,64
2026-05-01 10:00:12.218640695,156.99645,157.01645,11
2026-05-01 10:00:12.232542466,156.99601,157.01601,19
2026-05-01 10:00:12.260584879,156.99746,157.01746,11
2026-05-01 10:00:12.947973585,156.99904,157.01904,77
2026-05-01 10:00:13.565601031,156.99852,157.01852,46
2026-05-01 10:00:13.568186673,156.9981,157.0181,45
2026-05-01 10:00:13.591202931,156.99782,157.01782,1
2026-05-01 10:00:13.633914102,156.99647,157.01647,40
2026-05-01 10:00:13.800792606,156.99555,157.01555,19
2026-05-01 10:00:13.935123815,156.99455,157.01455,76
2026-05-01 10:00:14.089790032,156.99378,157.01378,72
2026-05-01 10:00:15.427744045,156.99375,157.01375,72
2026-05-01 10:00:15.443625374,156.99398,157.01398,61
2026-05-01 10:00:15.504516350,156.99553,157.01553,12
2026-05-01 10:00:15.547061046,156.99453,157.01453,61
2026-05-01 10:00:16.428491646,156.99552,157.01552,33
2026-05-01 10:00:16.890982704,156.9953,157.0153,45
2026-05-01 10:00:16.912648995,156.99525,157.01525,90
2026-05-01 10:00:17.267628004,156.99593,157.01593,92
2026-05-01 10:00:17.425083650,156.9948,157.0148,69
2026-05-01 10:00:18.323387956,156.99519,157.01519,8
2026-05-01 10:00:19.012491141,156.99535,157.01535,25
2026-05-01 10:00:19.067505085,156.99585,157.01585,91
2026-05-01 10:00:19.515477895,156.99614,157.01614,46
2026-05-01 10:00:19.712591828,156.99859,157.01859,87
2026-05-01 10:00:19.948880210,156.99795,157.01795,30
2026-05-01 10:00:20.122943216,156.99742,157.01742,47
2026-05-01 10:00:20.808390262,156.9968,157.0168,87
2026-05-01 10:00:21.170624220,156.99624,157.01624,49
2026-05-01 10:00:21.356594538,156.99561,157.01561,47
2026-05-01 10:00:21.828901909,156.99679,157.01679,84
2026-05-01 10:00:22.138969420,156.99822,157.01822,82
2026-05-01 10:00:22.213395520,156.99764,157.01764,18
2026-05-01 10:00:22.365193103,156.99681,157.01681,66
2026-05-01 10:00:22.541334520,156.99728,157.01728,68
2026-05-01 10:00:22.758998432,156.99673,157.01673,94
2026-05-01 10:00:23.093972948,156.99736,157.01736,33
2026-05-01 10:00:23.320391089,156.99757,157.01757,36
2026-05-01 10:00:23.536914402,156.99605,157.01605,82
2026-05-01 10:00:24.070123698,156.9976,157.0176,19
2026-05-01 10:00:24.404634192,156.9994,157.0194,28
2026-05-01 10:00:24.527709584,156.99878,157.01878,40
2026-05-01 10:00:24.839600377,156.99839,157.01839,84
2026-05-01 10:00:25.050215009,156.99868,157.01868,97
2026-05-01 10:00:25.232041834,156.99901,157.01901,76
2026-05-01 10:00:25.241989498,156.99967,157.01967,15
2026-05-01 10:00:25.451314225,157.00168,157.02168,41
2026-05-01 10:00:25.604239498,157.00151,157.02151,39
2026-05-01 10:00:25.604900423,157.00071,157.02071,2
2026-05-01 10:00:25.652559256,156.99933,157.01933,63
2026-05-01 10:00:26.076086426,156.9986,157.0186,29
2026-05-01 10:00:26.547750615,156.99856,157.01856,74
2026-05-01 10:00:26.610760127,157.00036,157.02036,66
2026-05-01 10:00:27.086931016,156.99984,157.01984,51
2026-05-01 10:00:27.361830914,157.00007,157.02007,75
2026-05-01 10:00:27.386003035,157.00005,157.02005,77
2026-05-01 10:00:27.474621997,157.00124,157.02124,10
2026-05-01 10:00:27.930830341,157.00376,157.02376,14
2026-05-01 10:00:28.102430348,157.00323,157.02323,82
2026-05-01 10:00:28.194581952,157.00274,157.02274,51
2026-05-01 10:00:28.332888226,157.00379,157.02379,73
2026-05-01 10:00:29.152948131,157.00447,157.02447,39
2026-05-01 10:00:29.301634201,157.00632,157.02632,28
2026-05-01 10:00:29.350248195,157.0069,157.0269,3
2026-05-01 10:00:29.832417827,157.00654,157.02654,84
2026-05-01 10:00:30.233400413,157.00713,157.02713,70
2026-05-01 10:00:30.336802836,157.00824,157.02824,27
2026-05-01 10:00:30.441462859,157.00906,157.02906,2
2026-05-01 10:00:30.534741786,157.00957,157.02957,93
2026-05-01 10:00:30.937160650,157.01064,157.03064,38
2026-05-01 10:00:31.232574595,157.0118,157.0318,3
2026-05-01 10:00:31.979475940,157.01319,157.03319,16
2026-05-01 10:00:32.151603401,157.01384,157.03384,94
2026-05-01 10:00:32.367428097,157.01367,157.03367,40
2026-05-01 10:00:33.015577358,157.01382,157.03382,2
2026-05-01 10:00:33.189521086,157.01502,157.03502,81
2026-05-01 10:00:33.359244691,157.0142,157.0342,41
2026-05-01 10:00:33.611670650,157.01457,157.03457,12
2026-05-01 10:00:33.971413752,157.01418,157.03418,35
2026-05-01 10:00:34.042056372,157.01421,157.03421,65
2026-05-01 10:00:34.067277659,157.01549,157.03549,55
2026-05-01 10:00:34.451047421,157.01568,157.03568,45
2026-05-01 10:00:34.760717857,157.01572,157.03572,79
2026-05-01 10:00:34.821792152,157.01437,157.03437,90
2026-05-01 10:00:35.069412212,157.01511,157.03511,85
2026-05-01 10:00:35.120104928,157.01576,157.03576,62
2026-05-01 10:00:35.257874033,157.01792,157.03792,49
2026-05-01 10:00:35.325324867,157.01761,157.03761,95
2026-05-01 10:00:35.449448286,157.01783,157.03783,25
2026-05-01 10:00:35.645374880,157.01808,157.03808,23
2026-05-01 10:00:35.878273781,157.01966,157.03966,24
2026-05-01 10:00:35.928639545,157.01956,157.03956,38
2026-05-01 10:00:35.959610200,157.01984,157.03984,28
2026-05-01 10:00:36.190761330,157.02045,157.04045,21
2026-05-01 10:00:36.611470453,157.02064,157.04064,54
2026-05-01 10:00:37.289167045,157.02019,157.04019,18
2026-05-01 10:00:37.398804360,157.02038,157.04038,36
2026-05-01 10:00:38.118153795,157.02146,157.04146,99
2026-05-01 10:00:38.246598699,157.02043,157.04043,45
2026-05-01 10:00:38.274090838,157.02056,157.04056,73
2026-05-01 10:00:38.413751687,157.01986,157.03986,53
2026-05-01 10:00:38.663916573,157.02106,157.04106,30
2026-05-01 10:00:38.747824545,157.01954,157.03954,60
2026-05-01 10:00:40.204568535,157.01898,157.03898,98
2026-05-01 10:00:40.324403081,157.01935,157.03935,32
2026-05-01 10:00:40.911442676,157.02092,157.04092,67
2026-05-01 10:00:41.045589275,157.02085,157.04085,67
2026-05-01 10:00:41.065689020,157.0203,157.0403,28
2026-05-01 10:00:41.256283243,157.02218,157.04218,44
2026-05-01 10:00:41.648151794,157.02073,157.04073,79
2026-05-01 10:00:41.781621799,157.01853,157.03853,41
2026-05-01 10:00:41.806822221,157.01897,157.03897,63
2026-05-01 10:00:41.848158195,157.01847,157.03847,23
2026-05-01 10:00:41.931712987,157.01745,157.03745,75
2026-05-01 10:00:42.025204570,157.01816,157.03816,48
2026-05-01 10:00:42.033952729,157.0184,157.0384,32
2026-05-01 10:00:42.257106113,157.01784,157.03784,57
2026-05-01 10:00:42.277267492,157.01656,157.03656,33
2026-05-01 10:00:42.897504615,157.01743,157.03743,24
2026-05-01 10:00:43.468461627,157.01808,157.03808,39
2026-05-01 10:00:44.122044278,157.01798,157.03798,34
2026-05-01 10:00:44.598818325,157.01983,157.03983,56
2026-05-01 10:00:44.975228204,157.01876,157.03876,28
2026-05-01 10:00:45.125067331,157.01723,157.03723,37
2026-05-01 10:00:45.502463919,157.01654,157.03654,7
2026-05-01 10:00:45.570808053,157.01649,157.03649,68
2026-05-01 10:00:45.761712874,157.01674,157.03674,37
2026-05-01 10:00:45.857741755,157.0165,157.0365,56
2026-05-01 10:00:46.005420934,157.01685,157.03685,65
2026-05-01 10:00:46.308814582,157.0156,157.0356,65
2026-05-01 10:00:46.572073779,157.01704,157.03704,47
2026-05-01 10:00:46.798356100,157.01696,157.03696,20
2026-05-01 10:00:46.805592132,157.01808,157.03808,19
2026-05-01 10:00:46.845779209,157.01842,157.03842,29
2026-05-01 10:00:46.931112801,157.01888,157.03888,74
2026-05-01 10:00:48.204411977,157.01945,157.03945,60
2026-05-01 10:00:48.242415425,157.01989,157.03989,18
2026-05-01 10:00:48.366386176,157.02054,157.04054,92
2026-05-01 10:00:48.488614228,157.02187,157.04187,35
2026-05-01 10:00:48.785081803,157.02206,157.04206,43
2026-05-01 10:00:48.880328124,157.02277,157.04277,95
2026-05-01 10:00:49.096782859,157.02268,157.04268,91
2026-05-01 10:00:49.279739379,157.02412,157.04412,11
2026-05-01 10:00:49.885010626,157.02344,157.04344,49
2026-05-01 10:00:50.680518921,157.02525,157.04525,38
2026-05-01 10:00:50.847824005,157.02521,157.04521,64
2026-05-01 10:00:51.157237106,157.02377,157.04377,69
2026-05-01 10:00:51.266276217,157.0239,157.0439,8
2026-05-01 10:00:51.503785754,157.02322,157.04322,34
2026-05-01 10:00:51.695961360,157.02406,157.04406,48
2026-05-01 10:00:51.960560973,157.02341,157.04341,56
2026-05-01 10:00:51.988296021,157.02296,157.04296,76
2026-05-01 10:00:52.012078588,157.02107,157.04107,65
2026-05-01 10:00:52.309928701,157.02062,157.04062,31
2026-05-01 10:00:52.611383587,157.0182,157.0382,4
2026-05-01 10:00:52.916095951,157.01661,157.03661,50
2026-05-01 10:00:53.103145283,157.01737,157.03737,69
2026-05-01 10:00:53.133203822,157.01816,157.03816,30
2026-05-01 10:00:53.231863133,157.01859,157.03859,88
2026-05-01 10:00:53.410790060,157.01762,157.03762,59
2026-05-01 10:00:53.563398616,157.01757,157.03757,67
2026-05-01 10:00:54.369919849,157.01757,157.03757,75
2026-05-01 10:00:54.430630526,157.01641,157.03641,45
2026-05-01 10:00:54.479315040,157.01791,157.03791,4
2026-05-01 10:00:54.547490162,157.01879,157.03879,26
2026-05-01 10:00:54.564025319,157.01857,157.03857,27
2026-05-01 10:00:54.578439148,157.0186,157.0386,46
2026-05-01 10:00:55.021352956,157.0188,157.0388,64
2026-05-01 10:00:55.356305806,157.01676,157.03676,91
2026-05-01 10:00:55.456336657,157.01652,157.03652,51
2026-05-01 10:00:55.955553119,157.01583,157.03583,50
2026-05-01 10:00:55.970107215,157.01483,157.03483,6
2026-05-01 10:00:55.971017665,157.01455,157.03455,59
2026-05-01 10:00:56.113124567,157.01635,157.03635,15
2026-05-01 10:00:56.436347917,157.01699,157.03699,30
2026-05-01 10:00:57.206316199,157.01642,157.03642,42
2026-05-01 10:00:57.686705642,157.01699,157.03699,37
2026-05-01 10:00:58.572896339,157.01839,157.03839,42
2026-05-01 10:00:58.737340436,157.01931,157.03931,35
2026-05-01 10:00:58.794858725,157.01937,157.03937,87
2026-05-01 10:00:59.614704460,157.01873,157.03873,6
2026-05-01 10:00:59.902134647,157.01943,157.03943,68
2026-05-01 10:01:00.488196014,157.01982,157.03982,18
2026-05-01 10:01:01.495288624,157.02071,157.04071,73
2026-05-01 10:01:01.541892144,157.02135,157.04135,29
2026-05-01 10:01:01.900115521,157.0224,157.0424,77
2026-05-01 10:01:01.926381528,157.02186,157.04186,59
2026-05-01 10:01:02.365876543,157.02318,157.04318,47
2026-05-01 10:01:02.804797001,157.02338,157.04338,17
2026-05-01 10:01:02.971677928,157.02545,157.04545,96
2026-05-01 10:01:03.434402098,157.02476,157.04476,22
2026-05-01 10:01:03.701733203,157.0265,157.0465,68
2026-05-01 10:01:03.889248452,157.0267,157.0467,69
2026-05-01 10:01:04.482113577,157.02605,157.04605,37
2026-05-01 10:01:04.746308249,157.02556,157.04556,49
2026-05-01 10:01:06.591648579,157.02524,157.04524,13
2026-05-01 10:01:06.632343141,157.02567,157.04567,34
2026-05-01 10:01:07.078751555,157.02619,157.04619,86
2026-05-01 10:01:07.280792838,157.02562,157.04562,53
2026-05-01 10:01:07.381446881,157.02559,157.04559,87
2026-05-01 10:01:07.948732559,157.02773,157.04773,51
2026-05-01 10:01:08.380548762,157.02946,157.04946,3
2026-05-01 10:01:08.592841651,157.0299,157.0499,42
2026-05-01 10:01:08.639449647,157.02994,157.04994,98
2026-05-01 10:01:08.775418569,157.03006,157.05006,32
2026-05-01 10:01:09.322438976,157.03067,157.05067,51
2026-05-01 10:01:09.663808544,157.02965,157.04965,85
2026-05-01 10:01:11.168037520,157.02939,157.04939,46
2026-05-01 10:01:11.174726249,157.02772,157.04772,21
2026-05-01 10:01:11.291263197,157.02812,157.04812,44
2026-05-01 10:01:11.454834314,157.02877,157.04877,11
2026-05-01 10:01:11.868567200,157.02828,157.04828,68
2026-05-01 10:01:12.043685633,157.02986,157.04986,1
2026-05-01 10:01:12.555687270,157.02863,157.04863,92
2026-05-01 10:01:12.616581453,157.02717,157.04717,63
2026-05-01 10:01:12.722919724,157.02739,157.04739,24
2026-05-01 10:01:12.741151090,157.02844,157.04844,99
2026-05-01 10:01:12.951657299,157.03012,157.05012,13
2026-05-01 10:01:13.196893013,157.02966,157.04966,98
2026-05-01 10:01:13.604732904,157.03074,157.05074,11
2026-05-01 10:01:13.787318515,157.0307,157.0507,51
2026-05-01 10:01:13.920609971,157.03053,157.05053,17
2026-05-01 10:01:14.204430522,157.03142,157.05142,99
2026-05-01 10:01:14.319296850,157.03207,157.05207,82
2026-05-01 10:01:14.546741944,157.03049,157.05049,86
2026-05-01 10:01:14.787668744,157.03197,157.05197,24
2026-05-01 10:01:15.072869449,157.03335,157.05335,19
2026-05-01 10:01:15.534688747,157.03272,157.05272,37
2026-05-01 10:01:15.539717672,157.03312,157.05312,85
2026-05-01 10:01:15.731083303,157.03361,157.05361,8
2026-05-01 10:01:16.392196429,157.03387,157.05387,28
2026-05-01 10:01:17.366305629,157.03332,157.05332,5
2026-05-01 10:01:17.370848113,157.03265,157.05265,17
2026-05-01 10:01:17.382488314,157.03263,157.05263,36
2026-05-01 10:01:17.473316489,157.0338,157.0538,19
2026-05-01 10:01:17.633994480,157.03434,157.05434,64
2026-05-01 10:01:17.827030029,157.03397,157.05397,91
2026-05-01 10:01:18.679213289,157.03474,157.05474,98
2026-05-01 10:01:19.560710304,157.03189,157.05189,11
2026-05-01 10:01:20.419092246,157.03304,157.05304,54
2026-05-01 10:01:20.603207815,157.0313,157.0513,45
2026-05-01 10:01:20.772969284,157.03094,157.05094,47
2026-05-01 10:01:21.223401943,157.02982,157.04982,12
2026-05-01 10:01:21.249675378,157.02853,157.04853,21
2026-05-01 10:01:21.404709532,157.02969,157.04969,11
2026-05-01 10:01:21.643541168,157.02922,157.04922,92
2026-05-01 10:01:21.692197955,157.02957,157.04957,5
2026-05-01 10:01:22.022121579,157.02952,157.04952,81
2026-05-01 10:01:22.216566206,157.03,157.05,56
2026-05-01 10:01:23.063294444,157.03007,157.05007,20
2026-05-01 10:01:23.214354894,157.02879,157.04879,41
2026-05-01 10:01:23.577101709,157.02979,157.04979,46
2026-05-01 10:01:23.593939270,157.02929,157.04929,12
2026-05-01 10:01:23.980169083,157.02774,157.04774,70
2026-05-01 10:01:23.993728098,157.02731,157.04731,17
2026-05-01 10:01:24.231708732,157.02881,157.04881,19
2026-05-01 10:01:24.280352906,157.02966,157.04966,26
2026-05-01 10:01:24.288956877,157.02931,157.04931,48
2026-05-01 10:01:24.556432432,157.02896,157.04896,52
2026-05-01 10:01:24.610371771,157.02864,157.04864,96
2026-05-01 10:01:25.132771739,157.03072,157.05072,70
2026-05-01 10:01:25.452148313,157.0311,157.0511,55
2026-05-01 10:01:25.528550608,157.03153,157.05153,75
2026-05-01 10:01:25.713625884,157.03256,157.05256,33
2026-05-01 10:01:25.962375638,157.0328,157.0528,62
2026-05-01 10:01:26.589165972,157.03254,157.05254,88
2026-05-01 10:01:26.608121031,157.03234,157.05234,23
2026-05-01 10:01:26.925435874,157.03227,157.05227,15
2026-05-01 10:01:27.368742059,157.03223,157.05223,27
2026-05-01 10:01:27.643394560,157.03296,157.05296,75
2026-05-01 10:01:27.944319078,157.03301,157.05301,64
2026-05-01 10:01:27.963231509,157.03375,157.05375,81
2026-05-01 10:01:28.077553279,157.03366,157.05366,51
2026-05-01 10:01:28.334667620,157.03374,157.05374,53
2026-05-01 10:01:28.339727862,157.03174,157.05174,78
2026-05-01 10:01:29.136514686,157.03266,157.05266,91
2026-05-01 10:01:30.263492945,157.03301,157.05301,82
2026-05-01 10:01:30.413362249,157.03401,157.05401,92
2026-05-01 10:01:31.272672887,157.03111,157.05111,51
2026-05-01 10:01:31.384130752,157.0332,157.0532,47
2026-05-01 10:01:32.858284885,157.03306,157.05306,4
2026-05-01 10:01:33.294696514,157.03417,157.05417,7
2026-05-01 10:01:33.513322826,157.03313,157.05313,35
2026-05-01 10:01:33.516620338,157.03374,157.05374,48
2026-05-01 10:01:34.306794322,157.03269,157.05269,73
2026-05-01 10:01:35.076601546,157.03206,157.05206,72
2026-05-01 10:01:35.401042491,157.03398,157.05398,45
2026-05-01 10:01:35.692689088,157.03379,157.05379,81
2026-05-01 10:01:35.794091277,157.034,157.054,81
2026-05-01 10:01:36.014880309,157.03487,157.05487,97
2026-05-01 10:01:36.234019491,157.03537,157.05537,96
2026-05-01 10:01:36.623749674,157.03552,157.05552,72
2026-05-01 10:01:36.706153492,157.03588,157.05588,19
2026-05-01 10:01:36.886941882,157.03829,157.05829,63
2026-05-01 10:01:36.960879606,157.03823,157.05823,38
2026-05-01 10:01:37.103770921,157.03843,157.05843,67
2026-05-01 10:01:37.554996608,157.03948,157.05948,59
2026-05-01 10:01:37.599099228,157.04059,157.06059,69
2026-05-01 10:01:37.619909447,157.04177,157.06177,13
2026-05-01 10:01:38.249205653,157.04241,157.06241,47
2026-05-01 10:01:38.599363610,157.04127,157.06127,61
2026-05-01 10:01:38.625483086,157.0429,157.0629,31
2026-05-01 10:01:39.269407455,157.04176,157.06176,80
2026-05-01 10:01:40.049751507,157.04206,157.06206,96
2026-05-01 10:01:40.273167245,157.04131,157.06131,22
2026-05-01 10:01:40.471684397,157.04124,157.06124,93
2026-05-01 10:01:40.559172493,157.04157,157.06157,86
2026-05-01 10:01:40.981283458,157.04189,157.06189,43
2026-05-01 10:01:41.284551421,157.04231,157.06231,67
2026-05-01 10:01:41.398547055,157.04393,157.06393,54
2026-05-01 10:01:41.708937314,157.04438,157.06438,10
2026-05-01 10:01:42.241062075,157.04414,157.06414,42
2026-05-01 10:01:42.319905315,157.0451,157.0651,64
2026-05-01 10:01:42.545205509,157.04629,157.06629,21
2026-05-01 10:01:42.624524614,157.04506,157.06506,80
2026-05-01 10:01:43.700184997,157.04566,157.06566,76
2026-05-01 10:01:43.708798051,157.04636,157.06636,66
2026-05-01 10:01:43.903798309,157.04606,157.06606,41
2026-05-01 10:01:44.085960568,157.04744,157.06744,24
2026-05-01 10:01:44.476640106,157.04729,157.06729,35
2026-05-01 10:01:44.660479962,157.04741,157.06741,56
2026-05-01 10:01:44.762872383,157.04724,157.06724,30
2026-05-01 10:01:45.176267641,157.04726,157.06726,57
2026-05-01 10:01:45.274503765,157.04616,157.06616,94
2026-05-01 10:01:46.005668407,157.04472,157.06472,47
2026-05-01 10:01:46.701814939,157.04632,157.06632,35
2026-05-01 10:01:46.791803595,157.04547,157.06547,19
2026-05-01 10:01:46.829017769,157.04448,157.06448,8
2026-05-01 10:01:47.025998008,157.04232,157.06232,26
2026-05-01 10:01:47.448815409,157.04168,157.06168,71
2026-05-01 10:01:47.539718563,157.04036,157.06036,30
2026-05-01 10:01:47.649145237,157.042,157.062,7
2026-05-01 10:01:47.847345365,157.04301,157.06301,67
2026-05-01 10:01:48.057192423,157.04233,157.06233,65
2026-05-01 10:01:48.292169082,157.04458,157.06458,36
2026-05-01 10:01:48.718169734,157.04556,157.06556,25
2026-05-01 10:01:48.924688919,157.04523,157.06523,37
2026-05-01 10:01:49.088880713,157.04273,157.06273,1
2026-05-01 10:01:49.280958314,157.04503,157.06503,15
2026-05-01 10:01:49.908552988,157.04364,157.06364,37
2026-05-01 10:01:50.314740917,157.04199,157.06199,13
2026-05-01 10:01:50.334939815,157.04301,157.06301,8
2026-05-01 10:01:50.674091870,157.04545,157.06545,5
2026-05-01 10:01:51.047610076,157.04684,157.06684,60
2026-05-01 10:01:51.141630837,157.0474,157.0674,73
2026-05-01 10:01:51.192644120,157.048,157.068,1
2026-05-01 10:01:51.605425737,157.04885,157.06885,36
2026-05-01 10:01:51.992794883,157.04961,157.06961,35
2026-05-01 10:01:52.281238726,157.04989,157.06989,66
2026-05-01 10:01:52.362035654,157.04999,157.06999,63
2026-05-01 10:01:52.383784387,157.04993,157.06993,23
2026-05-01 10:01:52.461173857,157.04918,157.06918,9
2026-05-01 10:01:52.674885791,157.0489,157.0689,34
2026-05-01 10:01:52.877875659,157.0472,157.0672,46
2026-05-01 10:01:52.939010063,157.04711,157.06711,78
2026-05-01 10:01:53.083328827,157.04612,157.06612,4
2026-05-01 10:01:53.185248931,157.04501,157.06501,30
2026-05-01 10:01:53.907722450,157.04519,157.06519,95
2026-05-01 10:01:54.267256989,157.04659,157.06659,75
2026-05-01 10:01:54.941558474,157.0475,157.0675,99
2026-05-01 10:01:55.167366411,157.04593,157.06593,72
2026-05-01 10:01:55.529318580,157.04494,157.06494,3
2026-05-01 10:01:55.830791340,157.04588,157.06588,14
2026-05-01 10:01:56.020603890,157.0449,157.0649,60
2026-05-01 10:01:56.450977861,157.04468,157.06468,77
2026-05-01 10:01:56.603186906,157.04523,157.06523,45
2026-05-01 10:01:56.760503620,157.04426,157.06426,96
2026-05-01 10:01:56.788684212,157.04436,157.06436,34
2026-05-01 10:01:57.673213529,157.04303,157.06303,45
2026-05-01 10:01:57.733532226,157.04243,157.06243,61
2026-05-01 10:01:57.929317400,157.04275,157.06275,83
2026-05-01 10:01:58.962834696,157.04116,157.06116,16
2026-05-01 10:01:59.155058885,157.0416,157.0616,66
2026-05-01 10:01:59.186187168,157.04158,157.06158,40
2026-05-01 10:01:59.356679713,157.04213,157.06213,17
2026-05-01 10:01:59.450608077,157.04235,157.06235,34
2026-05-01 10:01:59.551420319,157.04372,157.06372,16
2026-05-01 10:01:59.700811161,157.04384,157.06384,60
2026-05-01 10:02:00.228918262,157.04341,157.06341,66
2026-05-01 10:02:00.255425029,157.04353,157.06353,66
2026-05-01 10:02:01.044859863,157.04408,157.06408,90
2026-05-01 10:02:02.620251329,157.04413,157.06413,13
2026-05-01 10:02:02.685883324,157.04417,157.06417,56
2026-05-01 10:02:02.823495657,157.04347,157.06347,31
2026-05-01 10:02:03.114876910,157.0428,157.0628,34
2026-05-01 10:02:03.119048096,157.0414,157.0614,39
2026-05-01 10:02:03.552274244,157.04315,157.06315,67
2026-05-01 10:02:03.785303073,157.04191,157.06191,8
2026-05-01 10:02:04.387237118,157.04121,157.06121,87
2026-05-01 10:02:04.445850701,157.04049,157.06049,78
2026-05-01 10:02:05.223300944,157.04139,157.06139,55
2026-05-01 10:02:05.472910887,157.04109,157.06109,27
2026-05-01 10:02:05.631157467,157.04234,157.06234,93
2026-05-01 10:02:05.677634851,157.04167,157.06167,53
2026-05-01 10:02:05.880018728,157.04195,157.06195,39
2026-05-01 10:02:06.427365177,157.04111,157.06111,65
2026-05-01 10:02:07.239201390,157.04326,157.06326,17
2026-05-01 10:02:07.266602774,157.04207,157.06207,30
2026-05-01 10:02:07.564051340,157.04238,157.06238,53
2026-05-01 10:02:07.630931584,157.04301,157.06301,13
2026-05-01 10:02:08.132336587,157.04343,157.06343,21
2026-05-01 10:02:08.262305507,157.04324,157.06324,19
2026-05-01 10:02:08.455244495,157.04311,157.06311,53
2026-05-01 10:02:08.698208212,157.04316,157.06316,19
2026-05-01 10:02:09.497863868,157.04301,157.06301,57
2026-05-01 10:02:09.583505592,157.04397,157.06397,25
2026-05-01 10:02:10.155494771,157.04618,157.06618,86
2026-05-01 10:02:10.448201581,157.04563,157.06563,31
2026-05-01 10:02:10.837958740,157.04426,157.06426,81
2026-05-01 10:02:11.242476607,157.04417,157.06417,55
2026-05-01 10:02:11.691426211,157.04675,157.06675,23
2026-05-01 10:02:11.740472571,157.04594,157.06594,32
2026-05-01 10:02:12.045748121,157.04758,157.06758,62
2026-05-01 10:02:12.228824081,157.04926,157.06926,74
2026-05-01 10:02:12.459150412,157.04871,157.06871,10
2026-05-01 10:02:13.801731887,157.04928,157.06928,72
2026-05-01 10:02:14.223710047,157.0509,157.0709,54
2026-05-01 10:02:14.533656593,157.05053,157.07053,52
2026-05-01 10:02:15.163240593,157.05032,157.07032,20
2026-05-01 10:02:15.251811421,157.04974,157.06974,32
2026-05-01 10:02:15.665382266,157.04873,157.06873,14
2026-05-01 10:02:15.731854839,157.04808,157.06808,50
2026-05-01 10:02:15.986650424,157.04685,157.06685,28
2026-05-01 10:02:16.362319430,157.04689,157.06689,53
2026-05-01 10:02:16.697025835,157.04612,157.06612,24
2026-05-01 10:02:16.820995265,157.04635,157.06635,79
2026-05-01 10:02:17.475867147,157.04479,157.06479,22
2026-05-01 10:02:17.740726871,157.04513,157.06513,30
2026-05-01 10:02:18.233630409,157.04596,157.06596,63
2026-05-01 10:02:18.601741093,157.04396,157.06396,4
2026-05-01 10:02:18.760414839,157.04434,157.06434,77
2026-05-01 10:02:18.803935700,157.04557,157.06557,59
2026-05-01 10:02:19.109521481,157.04436,157.06436,87
2026-05-01 10:02:19.679405439,157.04603,157.06603,8
2026-05-01 10:02:20.598192598,157.04645,157.06645,82
2026-05-01 10:02:20.607947938,157.04574,157.06574,12
2026-05-01 10:02:21.472856565,157.04569,157.06569,31
2026-05-01 10:02:21.620083532,157.04625,157.06625,78
2026-05-01 10:02:21.664477548,157.04632,157.06632,34
2026-05-01 10:02:22.041531234,157.04686,157.06686,82
2026-05-01 10:02:22.188492078,157.04594,157.06594,98
2026-05-01 10:02:22.252148726,157.04611,157.06611,75
2026-05-01 10:02:22.815120659,157.0447,157.0647,76
2026-05-01 10:02:24.342030556,157.04458,157.06458,49
2026-05-01 10:02:25.356895557,157.04368,157.06368,79
2026-05-01 10:02:26.229359474,157.04295,157.06295,57
2026-05-01 10:02:26.835828083,157.04418,157.06418,95
2026-05-01 10:02:27.484762535,157.04527,157.06527,93
2026-05-01 10:02:27.634887923,157.04588,157.06588,26
2026-05-01 10:02:27.755308145,157.04479,157.06479,18
2026-05-01 10:02:27.785428197,157.04447,157.06447,96
2026-05-01 10:02:27.787531287,157.04569,157.06569,86
2026-05-01 10:02:28.138678909,157.04583,157.06583,38
2026-05-01 10:02:28.326091410,157.04815,157.06815,81
2026-05-01 10:02:28.553073033,157.04854,157.06854,87
2026-05-01 10:02:28.647394861,157.04873,157.06873,88
2026-05-01 10:02:28.909874160,157.04842,157.06842,50
2026-05-01 10:02:29.174551767,157.04856,157.06856,8
2026-05-01 10:02:29.510331821,157.0484,157.0684,41
2026-05-01 10:02:29.532659678,157.04911,157.06911,6
2026-05-01 10:02:30.454888406,157.05007,157.07007,69
2026-05-01 10:02:30.658503099,157.04928,157.06928,44
2026-05-01 10:02:30.791127931,157.04795,157.06795,64
2026-05-01 10:02:30.803706968,157.04612,157.06612,29
2026-05-01 10:02:30.816117027,157.04662,157.06662,28
2026-05-01 10:02:30.940877574,157.04552,157.06552,11
2026-05-01 10:02:31.025181256,157.04337,157.06337,65
2026-05-01 10:02:31.575711734,157.04376,157.06376,19
2026-05-01 10:02:31.766603665,157.04625,157.06625,9
2026-05-01 10:02:32.283113605,157.04624,157.06624,27
2026-05-01 10:02:32.571207349,157.04708,157.06708,34
2026-05-01 10:02:33.224190773,157.04716,157.06716,44
2026-05-01 10:02:33.402719658,157.04706,157.06706,68
2026-05-01 10:02:33.503232634,157.04798,157.06798,82
2026-05-01 10:02:33.627917489,157.04769,157.06769,15
2026-05-01 10:02:34.196846747,157.04796,157.06796,51
2026-05-01 10:02:34.270331524,157.04828,157.06828,13
2026-05-01 10:02:34.890104490,157.04761,157.06761,83
2026-05-01 10:02:35.498895709,157.04861,157.06861,49
2026-05-01 10:02:35.637186523,157.04843,157.06843,70
2026-05-01 10:02:35.651417137,157.04768,157.06768,56
2026-05-01 10:02:35.675311584,157.04821,157.06821,76
2026-05-01 10:02:36.020406353,157.04731,157.06731,51
2026-05-01 10:02:36.049050333,157.04734,157.06734,37
2026-05-01 10:02:36.092310271,157.04733,157.06733,17
2026-05-01 10:02:36.672978016,157.04842,157.06842,58
2026-05-01 10:02:36.819848814,157.04889,157.06889,87
2026-05-01 10:02:36.919627430,157.04887,157.06887,90
2026-05-01 10:02:36.929353251,157.04969,157.06969,29
2026-05-01 10:02:37.317080798,157.05108,157.07108,33
2026-05-01 10:02:37.353416871,157.05163,157.07163,60
2026-05-01 10:02:37.426929489,157.05164,157.07164,91
2026-05-01 10:02:37.707054690,157.05033,157.07033,89
2026-05-01 10:02:38.310332725,157.04927,157.06927,55
2026-05-01 10:02:38.895173506,157.04896,157.06896,10
2026-05-01 10:02:39.406389470,157.04835,157.06835,47
2026-05-01 10:02:39.634045579,157.04817,157.06817,23
2026-05-01 10:02:39.776829765,157.04822,157.06822,85
2026-05-01 10:02:39.785179936,157.04875,157.06875,21
2026-05-01 10:02:40.038327592,157.04868,157.06868,13
2026-05-01 10:02:40.732405222,157.04917,157.06917,33
2026-05-01 10:02:40.828909903,157.04923,157.06923,24
2026-05-01 10:02:41.131962545,157.04726,157.06726,11
2026-05-01 10:02:41.218680881,157.04632,157.06632,17
2026-05-01 10:02:41.802672574,157.04617,157.06617,68
2026-05-01 10:02:42.190536483,157.04496,157.06496,47
2026-05-01 10:02:42.490264398,157.04556,157.06556,25
2026-05-01 10:02:42.793390412,157.04709,157.06709,94
2026-05-01 10:02:42.808824947,157.04831,157.06831,73
2026-05-01 10:02:42.817333004,157.0481,157.0681,21
2026-05-01 10:02:43.065858334,157.04959,157.06959,84
2026-05-01 10:02:43.685036794,157.04974,157.06974,83
2026-05-01 10:02:44.013083802,157.0494,157.0694,83
2026-05-01 10:02:44.620136809,157.04879,157.06879,12
2026-05-01 10:02:44.767999411,157.04849,157.06849,37
2026-05-01 10:02:44.858664697,157.0481,157.0681,42
2026-05-01 10:02:45.572051632,157.04827,157.06827,17
2026-05-01 10:02:45.614154255,157.04843,157.06843,48
2026-05-01 10:02:46.156285320,157.04843,157.06843,28
2026-05-01 10:02:46.253400754,157.04887,157.06887,41
2026-05-01 10:02:46.306215753,157.05006,157.07006,99
2026-05-01 10:02:46.560243479,157.05101,157.07101,47
2026-05-01 10:02:46.629511680,157.04952,157.06952,18
2026-05-01 10:02:47.028867904,157.04697,157.06697,78
2026-05-01 10:02:47.040378737,157.0479,157.0679,99
2026-05-01 10:02:47.521274920,157.04654,157.06654,71
2026-05-01 10:02:47.892099392,157.04631,157.06631,13
2026-05-01 10:02:48.281391460,157.04514,157.06514,82
2026-05-01 10:02:48.383159270,157.04334,157.06334,13
2026-05-01 10:02:49.452339978,157.04388,157.06388,31
2026-05-01 10:02:49.539955076,157.04464,157.06464,2
2026-05-01 10:02:49.921392089,157.04407,157.06407,16
2026-05-01 10:02:50.492581000,157.04147,157.06147,9
2026-05-01 10:02:50.966905461,157.04093,157.06093,73
2026-05-01 10:02:51.018351026,157.04132,157.06132,38
2026-05-01 10:02:51.233491400,157.03984,157.05984,75
2026-05-01 10:02:51.483806840,157.04002,157.06002,54
2026-05-01 10:02:52.031366436,157.04001,157.06001,56
2026-05-01 10:02:52.341933953,157.04059,157.06059,86
2026-05-01 10:02:52.642253362,157.04071,157.06071,97
2026-05-01 10:02:52.886508050,157.03973,157.05973,87
2026-05-01 10:02:52.954942654,157.04093,157.06093,45
2026-05-01 10:02:53.071165387,157.04077,157.06077,34
2026-05-01 10:02:53.484042298,157.04075,157.06075,9
2026-05-01 10:02:54.176505083,157.03981,157.05981,88
2026-05-01 10:02:54.371466426,157.03937,157.05937,8
2026-05-01 10:02:54.912468290,157.03848,157.05848,7
2026-05-01 10:02:55.010629529,157.03831,157.05831,36
2026-05-01 10:02:55.017538429,157.04002,157.06002,18
2026-05-01 10:02:55.096833555,157.03865,157.05865,3
2026-05-01 10:02:55.294293576,157.03704,157.05704,28
2026-05-01 10:02:55.732674382,157.03851,157.05851,70
2026-05-01 10:02:55.868949605,157.0383,157.0583,44
2026-05-01 10:02:56.052335406,157.03763,157.05763,21
2026-05-01 10:02:56.975306056,157.03867,157.05867,28
2026-05-01 10:02:57.069200060,157.03806,157.05806,54
2026-05-01 10:02:57.088482754,157.03989,157.05989,54
2026-05-01 10:02:57.249978170,157.04057,157.06057,65
2026-05-01 10:02:57.267882956,157.04008,157.06008,21
2026-05-01 10:02:57.382630723,157.04224,157.06224,99
2026-05-01 10:02:57.724370658,157.04163,157.06163,13
2026-05-01 10:02:58.077736066,157.04237,157.06237,57
2026-05-01 10:02:58.239214605,157.04267,157.06267,49
2026-05-01 10:02:58.523379210,157.04398,157.06398,54
2026-05-01 10:02:58.615505196,157.04554,157.06554,10
2026-05-01 10:02:58.691622182,157.04557,157.06557,53
2026-05-01 10:02:59.052854675,157.04482,157.06482,44
2026-05-01 10:02:59.223930651,157.04528,157.06528,47
2026-05-01 10:02:59.369993643,157.0446,157.0646,53
2026-05-01 10:02:59.597545259,157.04661,157.06661,74
2026-05-01 10:03:00.155058130,157.04675,157.06675,46
2026-05-01 10:03:00.334503522,157.04638,157.06638,13
2026-05-01 10:03:00.945632839,157.04657,157.06657,37
2026-05-01 10:03:01.732445807,157.04522,157.06522,24
2026-05-01 10:03:01.852390335,157.04425,157.06425,2
2026-05-01 10:03:01.928717897,157.04545,157.06545,86
2026-05-01 10:03:02.014513914,157.04479,157.06479,81
2026-05-01 10:03:02.263455570,157.04374,157.06374,14
2026-05-01 10:03:02.869300193,157.04428,157.06428,10
2026-05-01 10:03:03.186012732,157.04547,157.06547,35
2026-05-01 10:03:03.436270630,157.04619,157.06619,25
2026-05-01 10:03:03.516223870,157.04718,157.06718,3
2026-05-01 10:03:03.555868416,157.04643,157.06643,17
2026-05-01 10:03:04.024558780,157.045,157.065,12
2026-05-01 10:03:04.502168009,157.0465,157.0665,54
2026-05-01 10:03:04.755029415,157.04618,157.06618,24
2026-05-01 10:03:05.438472137,157.04593,157.06593,29
2026-05-01 10:03:05.465418994,157.04726,157.06726,43
2026-05-01 10:03:05.476431459,157.04782,157.06782,25
2026-05-01 10:03:06.021826778,157.04827,157.06827,60
2026-05-01 10:03:06.039779340,157.05044,157.07044,90
2026-05-01 10:03:06.092865406,157.04979,157.06979,65
2026-05-01 10:03:06.626010068,157.05072,157.07072,84
2026-05-01 10:03:06.867142745,157.05078,157.07078,28
2026-05-01 10:03:06.989438048,157.05105,157.07105,16
2026-05-01 10:03:07.244672354,157.05258,157.07258,47
2026-05-01 10:03:07.271398774,157.05308,157.07308,81
2026-05-01 10:03:07.757974714,157.05362,157.07362,92
2026-05-01 10:03:08.267424025,157.05469,157.07469,58
2026-05-01 10:03:08.312415921,157.05433,157.07433,76
2026-05-01 10:03:08.370116847,157.05349,157.07349,27
2026-05-01 10:03:08.682854033,157.05244,157.07244,53
2026-05-01 10:03:08.819591440,157.05048,157.07048,42
2026-05-01 10:03:09.341587799,157.05253,157.07253,59
2026-05-01 10:03:09.551163650,157.05143,157.07143,47
2026-05-01 10:03:09.679286375,157.05121,157.07121,94
2026-05-01 10:03:09.691749178,157.05093,157.07093,34
2026-05-01 10:03:09.930437181,157.05124,157.07124,37
2026-05-01 10:03:10.020256295,157.05206,157.07206,6
2026-05-01 10:03:10.021126953,157.05292,157.07292,7
2026-05-01 10:03:10.043465947,157.05233,157.07233,96
2026-05-01 10:03:10.058913228,157.05217,157.07217,96
2026-05-01 10:03:10.528095260,157.05245,157.07245,25
2026-05-01 10:03:10.923123379,157.0522,157.0722,33
2026-05-01 10:03:11.228970449,157.05381,157.07381,55
2026-05-01 10:03:11.267241406,157.0543,157.0743,58
2026-05-01 10:03:12.262423440,157.05503,157.07503,7
2026-05-01 10:03:12.344289865,157.0557,157.0757,57
2026-05-01 10:03:12.609493846,157.05687,157.07687,12
2026-05-01 10:03:12.725783461,157.05705,157.07705,16
2026-05-01 10:03:12.986465532,157.05575,157.07575,80
2026-05-01 10:03:13.199862971,157.05615,157.07615,43
2026-05-01 10:03:13.551837122,157.0555,157.0755,77
2026-05-01 10:03:13.641688772,157.05497,157.07497,7
2026-05-01 10:03:13.775172399,157.05556,157.07556,51
2026-05-01 10:03:14.763090634,157.0568,157.0768,73
2026-05-01 10:03:14.889869714,157.05682,157.07682,32
2026-05-01 10:03:14.989179233,157.05713,157.07713,75
2026-05-01 10:03:15.426116505,157.05883,157.07883,8
2026-05-01 10:03:15.588377850,157.05907,157.07907,97
2026-05-01 10:03:15.823832355,157.06167,157.08167,87
2026-05-01 10:03:17.283867690,157.06224,157.08224,89
2026-05-01 10:03:17.608089485,157.06048,157.08048,72
2026-05-01 10:03:17.677182573,157.06123,157.08123,45
2026-05-01 10:03:17.995213810,157.06161,157.08161,86
2026-05-01 10:03:18.059213015,157.0629,157.0829,59
2026-05-01 10:03:18.756685306,157.06358,157.08358,4
2026-05-01 10:03:19.050530732,157.06344,157.08344,67
2026-05-01 10:03:19.061211605,157.06221,157.08221,29
2026-05-01 10:03:19.101349608,157.062,157.082,29
2026-05-01 10:03:19.511002363,157.06115,157.08115,98
2026-05-01 10:03:19.559166208,157.06057,157.08057,98
2026-05-01 10:03:20.267321556,157.06116,157.08116,28
2026-05-01 10:03:20.425540971,157.06283,157.08283,77
2026-05-01 10:03:20.592965977,157.06323,157.08323,79
2026-05-01 10:03:21.471958677,157.06203,157.08203,87
2026-05-01 10:03:21.510205321,157.06247,157.08247,44
2026-05-01 10:03:21.567823079,157.06367,157.08367,90
2026-05-01 10:03:21.640664221,157.06306,157.08306,4
2026-05-01 10:03:21.755536823,157.06293,157.08293,90
2026-05-01 10:03:23.269308552,157.06294,157.08294,9
2026-05-01 10:03:23.730695743,157.06216,157.08216,5
2026-05-01 10:03:24.450816667,157.06281,157.08281,56
2026-05-01 10:03:24.902032024,157.06268,157.08268,96
2026-05-01 10:03:25.269907953,157.0631,157.0831,84
2026-05-01 10:03:25.419351766,157.06222,157.08222,50
2026-05-01 10:03:26.520718928,157.06178,157.08178,75
2026-05-01 10:03:27.118448588,157.0625,157.0825,15
2026-05-01 10:03:27.281321430,157.06213,157.08213,32
2026-05-01 10:03:27.568559307,157.06386,157.08386,28
2026-05-01 10:03:28.184533340,157.06346,157.08346,22
2026-05-01 10:03:28.408941256,157.06368,157.08368,17
2026-05-01 10:03:28.724606695,157.06461,157.08461,59
2026-05-01 10:03:28.792261828,157.0632,157.0832,90
2026-05-01 10:03:28.808939002,157.06143,157.08143,71
2026-05-01 10:03:28.995247163,157.05991,157.07991,57
2026-05-01 10:03:29.021149609,157.06117,157.08117,26
2026-05-01 10:03:29.104722298,157.06062,157.08062,25
2026-05-01 10:03:29.448514205,157.06318,157.08318,10
2026-05-01 10:03:30.290739437,157.06261,157.08261,45
2026-05-01 10:03:30.590063177,157.0628,157.0828,83
2026-05-01 10:03:30.745225196,157.06434,157.08434,11
2026-05-01 10:03:30.905687668,157.06635,157.08635,77
2026-05-01 10:03:31.097357814,157.06841,157.08841,53
2026-05-01 10:03:31.223930429,157.06962,157.08962,72
2026-05-01 10:03:31.872668146,157.07064,157.09064,68
2026-05-01 10:03:32.057203154,157.07123,157.09123,95
2026-05-01 10:03:32.171590294,157.07201,157.09201,28
2026-05-01 10:03:32.421773338,157.07146,157.09146,75
2026-05-01 10:03:33.653766404,157.07064,157.09064,65
2026-05-01 10:03:33.973436166,157.07064,157.09064,49
2026-05-01 10:03:34.004875765,157.07047,157.09047,47
2026-05-01 10:03:34.378776810,157.07001,157.09001,52
2026-05-01 10:03:34.791668654,157.07071,157.09071,88
2026-05-01 10:03:35.713771555,157.07167,157.09167,54
2026-05-01 10:03:36.010960963,157.07175,157.09175,60
2026-05-01 10:03:36.675770517,157.07323,157.09323,57
2026-05-01 10:03:36.680079556,157.07209,157.09209,47
2026-05-01 10:03:36.735634578,157.0719,157.0919,31
2026-05-01 10:03:37.715852516,157.07118,157.09118,46
2026-05-01 10:03:37.786703661,157.06931,157.08931,26
2026-05-01 10:03:37.827400116,157.06923,157.08923,5
2026-05-01 10:03:38.456626861,157.06911,157.08911,84
2026-05-01 10:03:38.464904583,157.07062,157.09062,52
2026-05-01 10:03:38.702150412,157.07125,157.09125,75
2026-05-01 10:03:38.881853501,157.07023,157.09023,54
2026-05-01 10:03:39.260242561,157.07208,157.09208,33
2026-05-01 10:03:39.598182543,157.0733,157.0933,50
2026-05-01 10:03:39.771629163,157.07389,157.09389,38
2026-05-01 10:03:40.521313141,157.07366,157.09366,27
2026-05-01 10:03:40.933270687,157.0727,157.0927,98
2026-05-01 10:03:41.250374432,157.07233,157.09233,15
2026-05-01 10:03:41.369075008,157.07342,157.09342,96
2026-05-01 10:03:41.410084927,157.0753,157.0953,61
2026-05-01 10:03:42.230585326,157.07684,157.09684,21
2026-05-01 10:03:42.336194787,157.07636,157.09636,46
2026-05-01 10:03:43.183887771,157.07524,157.09524,69
2026-05-01 10:03:43.631842255,157.07538,157.09538,6
2026-05-01 10:03:43.813463779,157.07361,157.09361,38
2026-05-01 10:03:43.947421535,157.07393,157.09393,62
2026-05-01 10:03:44.241281440,157.07378,157.09378,86
2026-05-01 10:03:44.282814052,157.07332,157.09332,62
2026-05-01 10:03:44.477907115,157.07172,157.09172,82
2026-05-01 10:03:44.988141119,157.07224,157.09224,78
2026-05-01 10:03:45.184425492,157.0717,157.0917,74
2026-05-01 10:03:45.261320337,157.07053,157.09053,46
2026-05-01 10:03:45.712358831,157.06766,157.08766,13
2026-05-01 10:03:46.013455577,157.06763,157.08763,95
2026-05-01 10:03:46.362862225,157.06941,157.08941,94
2026-05-01 10:03:46.541176702,157.07107,157.09107,3
2026-05-01 10:03:46.665341562,157.07061,157.09061,94
2026-05-01 10:03:47.353833139,157.07001,157.09001,6
2026-05-01 10:03:48.068357966,157.07048,157.09048,93
2026-05-01 10:03:48.235514585,157.06948,157.08948,8
2026-05-01 10:03:48.453189515,157.06978,157.08978,44
2026-05-01 10:03:48.485884598,157.07055,157.09055,33
2026-05-01 10:03:48.737605722,157.07177,157.09177,81
2026-05-01 10:03:49.081738247,157.07167,157.09167,75
2026-05-01 10:03:50.696224554,157.07147,157.09147,77
2026-05-01 10:03:50.847879957,157.07059,157.09059,50
2026-05-01 10:03:50.998065929,157.06977,157.08977,11
2026-05-01 10:03:51.273661123,157.06954,157.08954,95
2026-05-01 10:03:51.290153986,157.06991,157.08991,28
2026-05-01 10:03:51.381104005,157.07082,157.09082,70
2026-05-01 10:03:51.673430788,157.07002,157.09002,41
2026-05-01 10:03:51.695517520,157.07151,157.09151,16
2026-05-01 10:03:52.539847008,157.07124,157.09124,68
2026-05-01 10:03:52.658285008,157.07122,157.09122,99
2026-05-01 10:03:52.923888222,157.07047,157.09047,48
2026-05-01 10:03:53.144074778,157.06805,157.08805,56
2026-05-01 10:03:53.962663757,157.06893,157.08893,64
2026-05-01 10:03:55.095903822,157.06967,157.08967,59
2026-05-01 10:03:55.552788417,157.06939,157.08939,90
2026-05-01 10:03:56.579163367,157.06945,157.08945,62
2026-05-01 10:03:56.751371582,157.06997,157.08997,76
2026-05-01 10:03:56.885442838,157.06841,157.08841,11
2026-05-01 10:03:57.473713117,157.06788,157.08788,89
2026-05-01 10:03:58.207556781,157.06867,157.08867,18
2026-05-01 10:03:58.443391062,157.06742,157.08742,19
2026-05-01 10:03:58.555858430,157.06771,157.08771,87
2026-05-01 10:03:58.580193557,157.06635,157.08635,55
2026-05-01 10:03:58.737800830,157.06682,157.08682,82
2026-05-01 10:03:59.188609733,157.06678,157.08678,26
2026-05-01 10:03:59.488553690,157.06517,157.08517,6
2026-05-01 10:03:59.823119672,157.06633,157.08633,4
2026-05-01 10:03:59.824763690,157.0656,157.0856,29
2026-05-01 10:03:59.956576784,157.06479,157.08479,59
2026-05-01 10:03:59.974825611,157.06499,157.08499,98
2026-05-01 10:04:00.659094226,157.06614,157.08614,17
2026-05-01 10:04:00.856034579,157.06512,157.08512,43
2026-05-01 10:04:01.044279115,157.06518,157.08518,80
2026-05-01 10:04:01.101623069,157.06561,157.08561,66
2026-05-01 10:04:01.860383937,157.06631,157.08631,34
2026-05-01 10:04:02.050421780,157.06648,157.08648,8
2026-05-01 10:04:02.232046549,157.06612,157.08612,13
2026-05-01 10:04:02.436113869,157.06529,157.08529,8
2026-05-01 10:04:02.519204434,157.06537,157.08537,94
2026-05-01 10:04:02.808346643,157.0643,157.0843,96
2026-05-01 10:04:02.962333756,157.06138,157.08138,94
2026-05-01 10:04:03.034018403,157.06182,157.08182,65
2026-05-01 10:04:03.165999234,157.06272,157.08272,43
2026-05-01 10:04:03.839870177,157.06036,157.08036,39
2026-05-01 10:04:03.870302739,157.05935,157.07935,81
2026-05-01 10:04:04.138505912,157.05997,157.07997,59
2026-05-01 10:04:04.340544776,157.06203,157.08203,84
2026-05-01 10:04:04.372416069,157.06205,157.08205,88
2026-05-01 10:04:04.638428536,157.06132,157.08132,86
2026-05-01 10:04:04.979831841,157.06113,157.08113,93
2026-05-01 10:04:05.121621284,157.06251,157.08251,86
2026-05-01 10:04:05.166660060,157.06186,157.08186,44
2026-05-01 10:04:05.233068521,157.06106,157.08106,9
2026-05-01 10:04:05.404429776,157.06058,157.08058,37
2026-05-01 10:04:05.730695302,157.05963,157.07963,74
2026-05-01 10:04:06.377191401,157.05975,157.07975,36
2026-05-01 10:04:06.558017787,157.06138,157.08138,92
2026-05-01 10:04:06.761172876,157.0617,157.0817,28
2026-05-01 10:04:06.780168197,157.06145,157.08145,42
2026-05-01 10:04:07.937239832,157.06115,157.08115,43
2026-05-01 10:04:08.621252745,157.05959,157.07959,85
2026-05-01 10:04:08.922541112,157.06047,157.08047,88
2026-05-01 10:04:09.065959370,157.0604,157.0804,42
2026-05-01 10:04:09.185822336,157.06022,157.08022,66
2026-05-01 10:04:09.732792240,157.06341,157.08341,55
2026-05-01 10:04:10.479071039,157.06371,157.08371,72
2026-05-01 10:04:10.590748676,157.06296,157.08296,48
2026-05-01 10:04:10.794036153,157.06253,157.08253,91
2026-05-01 10:04:11.498611413,157.06368,157.08368,22
2026-05-01 10:04:11.669425933,157.06379,157.08379,27
2026-05-01 10:04:12.548633027,157.06235,157.08235,93
2026-05-01 10:04:12.635676940,157.06327,157.08327,67
2026-05-01 10:04:13.462593290,157.0626,157.0826,13
2026-05-01 10:04:13.935687520,157.06448,157.08448,45
2026-05-01 10:04:14.767023148,157.06556,157.08556,10
2026-05-01 10:04:14.894217203,157.06511,157.08511,9
2026-05-01 10:04:15.341001455,157.06639,157.08639,54
2026-05-01 10:04:15.654450095,157.06646,157.08646,27
2026-05-01 10:04:15.902836640,157.06731,157.08731,34
2026-05-01 10:04:16.638175203,157.0678,157.0878,1
2026-05-01 10:04:16.708940431,157.06695,157.08695,32
2026-05-01 10:04:16.946952356,157.06631,157.08631,89
2026-05-01 10:04:17.523825552,157.06734,157.08734,93
2026-05-01 10:04:18.219174976,157.067,157.087,71
2026-05-01 10:04:18.535686304,157.0666,157.0866,67
2026-05-01 10:04:18.709112624,157.06564,157.08564,84
2026-05-01 10:04:18.931027762,157.06607,157.08607,20
2026-05-01 10:04:19.416712876,157.06813,157.08813,94
2026-05-01 10:04:19.652137768,157.06706,157.08706,35
2026-05-01 10:04:19.819166850,157.06709,157.08709,99
2026-05-01 10:04:19.852843732,157.0685,157.0885,91
2026-05-01 10:04:20.121695574,157.06842,157.08842,90
2026-05-01 10:04:20.540392769,157.06887,157.08887,78
2026-05-01 10:04:20.579738456,157.06781,157.08781,17
2026-05-01 10:04:20.968908618,157.06824,157.08824,18
2026-05-01 10:04:21.438177056,157.06805,157.08805,45
2026-05-01 10:04:21.637172683,157.06904,157.08904,93
2026-05-01 10:04:22.073587232,157.07022,157.09022,84
2026-05-01 10:04:22.167023268,157.07281,157.09281,53
2026-05-01 10:04:22.996080797,157.07339,157.09339,91
2026-05-01 10:04:23.029691028,157.07372,157.09372,82
2026-05-01 10:04:23.160162243,157.07391,157.09391,68
2026-05-01 10:04:23.201806014,157.07356,157.09356,65
2026-05-01 10:04:23.211921578,157.0739,157.0939,1
2026-05-01 10:04:23.241604058,157.0736,157.0936,58
2026-05-01 10:04:26.125927279,157.07377,157.09377,26
2026-05-01 10:04:26.163822772,157.07509,157.09509,20
2026-05-01 10:04:26.311254827,157.07408,157.09408,87
2026-05-01 10:04:27.001602545,157.07522,157.09522,10
2026-05-01 10:04:27.079135167,157.07654,157.09654,59
2026-05-01 10:04:27.158184221,157.07642,157.09642,75
2026-05-01 10:04:27.342934109,157.0743,157.0943,41
2026-05-01 10:04:27.613966553,157.07369,157.09369,5
2026-05-01 10:04:27.767699546,157.07499,157.09499,65
2026-05-01 10:04:27.801513323,157.07497,157.09497,17
2026-05-01 10:04:28.167774915,157.07397,157.09397,22
2026-05-01 10:04:28.365668068,157.07346,157.09346,98
2026-05-01 10:04:28.448205128,157.0743,157.0943,41
2026-05-01 10:04:28.562051306,157.07485,157.09485,93
2026-05-01 10:04:28.656968548,157.07461,157.09461,68
2026-05-01 10:04:28.827389977,157.07424,157.09424,69
2026-05-01 10:04:28.900745556,157.07385,157.09385,11
2026-05-01 10:04:29.029627387,157.07293,157.09293,56
2026-05-01 10:04:29.036522971,157.07454,157.09454,51
2026-05-01 10:04:29.133077985,157.07422,157.09422,21
2026-05-01 10:04:29.164727385,157.07544,157.09544,99
2026-05-01 10:04:29.416286832,157.07696,157.09696,76
2026-05-01 10:04:29.566256558,157.07796,157.09796,26
2026-05-01 10:04:29.872371982,157.07753,157.09753,19
2026-05-01 10:04:30.005592554,157.07793,157.09793,60
2026-05-01 10:04:30.125417148,157.07791,157.09791,71
2026-05-01 10:04:30.347403147,157.077,157.097,47
2026-05-01 10:04:30.765872003,157.07733,157.09733,71
2026-05-01 10:04:31.247608348,157.07615,157.09615,26
2026-05-01 10:04:31.605192586,157.07734,157.09734,40
2026-05-01 10:04:31.614592925,157.07687,157.09687,5
2026-05-01 10:04:31.906315528,157.07707,157.09707,21
2026-05-01 10:04:31.941633289,157.07736,157.09736,78
2026-05-01 10:04:32.269942177,157.0771,157.0971,4
2026-05-01 10:04:32.479765789,157.07768,157.09768,23
2026-05-01 10:04:32.535168400,157.07721,157.09721,84
2026-05-01 10:04:32.796120623,157.07808,157.09808,15
2026-05-01 10:04:33.278155348,157.07673,157.09673,93
2026-05-01 10:04:33.972165766,157.07686,157.09686,8
2026-05-01 10:04:34.289641968,157.0788,157.0988,41
2026-05-01 10:04:34.323583777,157.0778,157.0978,19
2026-05-01 10:04:34.453770320,157.07712,157.09712,46
2026-05-01 10:04:34.459317066,157.07763,157.09763,28
2026-05-01 10:04:35.194072638,157.07781,157.09781,91
2026-05-01 10:04:35.956684923,157.07817,157.09817,68
2026-05-01 10:04:36.252564785,157.07865,157.09865,15
2026-05-01 10:04:36.261720159,157.07929,157.09929,99
2026-05-01 10:04:36.562270506,157.0804,157.1004,37
2026-05-01 10:04:36.749814353,157.08081,157.10081,1
2026-05-01 10:04:37.408085483,157.08057,157.10057,67
2026-05-01 10:04:37.670553872,157.08124,157.10124,24
2026-05-01 10:04:37.976287548,157.08314,157.10314,27
2026-05-01 10:04:38.495568776,157.08301,157.10301,40
2026-05-01 10:04:38.812796738,157.08203,157.10203,63
2026-05-01 10:04:38.858743274,157.08314,157.10314,61
2026-05-01 10:04:38.909295702,157.08302,157.10302,36
2026-05-01 10:04:39.227197681,157.08085,157.10085,98
2026-05-01 10:04:39.635484745,157.08169,157.10169,93
2026-05-01 10:04:39.818545006,157.08116,157.10116,24
2026-05-01 10:04:40.310104430,157.08107,157.10107,24
2026-05-01 10:04:40.846432248,157.0814,157.1014,4
2026-05-01 10:04:41.018996621,157.08159,157.10159,67
2026-05-01 10:04:41.048921797,157.0823,157.1023,34
2026-05-01 10:04:41.502137046,157.08186,157.10186,57
2026-05-01 10:04:41.849682469,157.08238,157.10238,49
2026-05-01 10:04:41.949637084,157.08212,157.10212,87
2026-05-01 10:04:42.069072427,157.08286,157.10286,53
2026-05-01 10:04:42.137575305,157.08347,157.10347,23
2026-05-01 10:04:42.439442632,157.08254,157.10254,69
2026-05-01 10:04:42.872911173,157.08362,157.10362,95
2026-05-01 10:04:43.429718964,157.08309,157.10309,53
2026-05-01 10:04:43.834638640,157.0839,157.1039,62
2026-05-01 10:04:44.174573215,157.08426,157.10426,41
2026-05-01 10:04:44.185001883,157.0861,157.1061,57
2026-05-01 10:04:44.535992088,157.08588,157.10588,60
2026-05-01 10:04:44.665661175,157.08553,157.10553,54
2026-05-01 10:04:44.856187097,157.08551,157.10551,70
2026-05-01 10:04:44.939973987,157.08521,157.10521,57
2026-05-01 10:04:45.018590115,157.08601,157.10601,10
2026-05-01 10:04:45.071206146,157.08439,157.10439,40
2026-05-01 10:04:45.123445222,157.08334,157.10334,7
2026-05-01 10:04:45.182144081,157.08227,157.10227,38
2026-05-01 10:04:45.214291922,157.08322,157.10322,85
2026-05-01 10:04:46.178573100,157.08493,157.10493,61
2026-05-01 10:04:46.215308177,157.08482,157.10482,84
2026-05-01 10:04:46.459584198,157.08465,157.10465,3
2026-05-01 10:04:48.321095240,157.08473,157.10473,51
2026-05-01 10:04:48.357169147,157.08589,157.10589,86
2026-05-01 10:04:48.651764542,157.08496,157.10496,47
2026-05-01 10:04:48.734188482,157.0852,157.1052,68
2026-05-01 10:04:48.794524403,157.08617,157.10617,92
2026-05-01 10:04:48.966761832,157.08667,157.10667,76
2026-05-01 10:04:49.085993126,157.08686,157.10686,38
2026-05-01 10:04:49.508073199,157.08786,157.10786,36
2026-05-01 10:04:49.689609922,157.08516,157.10516,41
2026-05-01 10:04:49.996445713,157.08584,157.10584,69
2026-05-01 10:04:50.790760685,157.08519,157.10519,13
2026-05-01 10:04:50.841129982,157.08335,157.10335,87
2026-05-01 10:04:50.875388329,157.08387,157.10387,58
2026-05-01 10:04:50.963648012,157.08524,157.10524,50
2026-05-01 10:04:50.972955648,157.0851,157.1051,30
2026-05-01 10:04:50.974319344,157.08606,157.10606,62
2026-05-01 10:04:51.534624816,157.08767,157.10767,25
2026-05-01 10:04:51.903166425,157.08898,157.10898,27
2026-05-01 10:04:52.318442299,157.09062,157.11062,51
2026-05-01 10:04:52.755623838,157.09136,157.11136,78
2026-05-01 10:04:54.009772585,157.09144,157.11144,57
2026-05-01 10:04:54.713585072,157.08984,157.10984,47
2026-05-01 10:04:55.320654211,157.08959,157.10959,39
2026-05-01 10:04:55.452359688,157.08875,157.10875,16
2026-05-01 10:04:55.695136233,157.09092,157.11092,22
2026-05-01 10:04:55.800319146,157.09074,157.11074,85
2026-05-01 10:04:55.863223343,157.09087,157.11087,54
2026-05-01 10:04:55.954574637,157.09142,157.11142,21
2026-05-01 10:04:55.991873550,157.09146,157.11146,72
2026-05-01 10:04:56.066080980,157.09316,157.11316,16
2026-05-01 10:04:56.182838794,157.09253,157.11253,59
2026-05-01 10:04:56.988069716,157.09273,157.11273,31
2026-05-01 10:04:57.016155031,157.09199,157.11199,42
2026-05-01 10:04:57.151542600,157.09067,157.11067,74
2026-05-01 10:04:57.889438835,157.09005,157.11005,32
2026-05-01 10:04:58.991051122,157.09002,157.11002,59
2026-05-01 10:04:59.062275553,157.08959,157.10959,34
2026-05-01 10:04:59.915301985,157.0889,157.1089,9
